Date / Time	City	State	Shape	Duration	Summary	Posted
4/18/17 22:00	Warren	RI	Triangle	30 seconds	Triangular moving quickly over Warren, RI, and turned around when it was spotted.	4/28/17
4/18/17 22:00	Warren	RI	Triangle	30 seconds	((HOAX??)) Triangular moving quickly over Warren RI and turned around when it was spotted.	4/20/17
4/10/17 19:15	South Kingstown	RI	Light	2 minutes	Star-like object moves slowly across the sky until changing shape and fading out.	4/13/17
4/8/17 22:00	Providence	RI	Disk	3:00	White disk that moved, dimmed, and flashed green and red lights, until disappearing.	4/13/17
4/2/17 22:00	Middletown	RI	Light	7-8 seconds	Two dim circular lights following one another about 100 feet above the tree line. Moving faster than an airplane.	4/7/17
3/25/17 22:15	Newport	RI	Circle	15 seconds	Bright orange ball, in western sky. Then disappeared. Near Orion's belt.	4/7/17
3/20/17 21:30	Cranston	RI	Light	7-8 seconds	Two lights moving faster than an airplane. ((anonymous report))	3/23/17
1/13/17 6:15	Rumford	RI	Light	10 seconds	1/13/17, 6:15 AM, 3 extremely bright &quot; stars&quot; that appeared, shone with a bright flash, and blinked off, east of the Big Dipp	1/19/17
1/1/17 17:45	Rumford	RI	Other	Continuous	Large star-like object with pointed spikes like green light-sabers that come and go. To L of moon. ((NUFORC Note: Venus? PD))	1/6/17
12/30/16 2:39	Providence	RI	Light	10 minutes	About 2:40 am and looked up in the sky and rite above my house was 10/12 what looked like stars. ((anonymous report))	1/6/17
12/24/16 16:45	Providence	RI	Circle	15 seconds	A very large, dim, milky-white, round object, resembling a full moon, situated next to and on the left side of the sun.	12/30/16
11/28/16 18:00	Seekonk (general area)	RI	Circle	3-4 seconds	White circular shaped object flying about 300 feet, traveling more than 200 MPH!	12/5/16
11/5/16 19:35	Charlestown	RI	Light	30 seconds	Basketball size yellowish light crosses my field of vision near rural road intersecion.	11/11/16
10/16/16 19:35	South Kingstown	RI	Light	4 minutes	Very bright, non-blinking, bluish-white, soundless, light travels slowly NW to SE in clear night sky then fades out to nothing.	10/21/16
9/26/16 23:26	Providence	RI	Unknown	3 seconds	Extremely fast (hypersonic+) aircraft (UFO) captured on Live TV over Providence, RI....Please Help me ID this thing.	9/30/16
9/22/16 19:00	Woonsocket	RI	Circle	30 seconds	Red flashing object.	9/30/16
9/7/16 9:23	Portsmouth	RI	Fireball	2 minutes	A strange bright red light much bigger than a plane or satalite lit up hugely and bright then just dissapred into the night. It looked	9/9/16
9/3/16 21:30	Smithfield	RI	Light	Few seconds	Four to five glowing red lights slowly moving south while maintaining a triangle formation.	9/9/16
8/23/16 21:30	East Providence	RI	Light	2 minutes	For ~2 mins., a low lying bright amber covered light hovered in the sky and disappeared without moving and in the area of a/c.	8/25/16
8/16/16 5:30	Providence	RI	Circle	5 minutes	Red orb moving quickly, then stops multiple times over Providence, RI.	8/16/16
8/16/16 5:30	Providence	RI	Circle	10 minute	Red circular object moving quickly, then stops and hovers over Providence, RI, changes colors and then disappears.	8/19/16
8/12/16 1:00	Lincoln	RI	Triangle	20 minutes	Observed Bizarre UFO Hovering over Trees-Lake- & then Flew right over our head while watching the meteor shower.	8/16/16
8/11/16 23:00	Woonsocket	RI	Changing	25 minutes	I have had more then 20 sightings for the past year.This sighting that occured was the most frightening.I was looking out of my window	8/16/16
8/11/16 22:00	North Providence	RI	Light	10 seconds	A bright light moving zig-zag formation. Not like a satellite or airplane that moves straight. Then disappeared. ((anonymous report))	8/16/16
7/25/16 17:30	Providence (Olneyville)	RI	Other	2 minutes	Walked out with dog and observed a dark craft overhead. No lights. Thought it could be a drone, but too large.	8/2/16
7/24/16 12:20	Galilee	RI	Light	Seconds	E of Galilee we saw this orange colored light low in the sky it went to the R, then L, then R, then straight away.((anonynous report))	8/2/16
7/23/16 17:54	Bristol	RI	Rectangle	3 minutes	Bright reflective yellowish rectangular object larger than a plane.	8/2/16
7/21/16 10:30	South Kingstown	RI	Unknown	10 minutes	Sickly, sweet smell permeates the air with no discernible cause. My dog's barking was an alert.	7/22/16
7/5/16 21:46	Portsmouth	RI	Diamond	continuous	At least 4 kite-shaped bright, stationary objects over Portsmouth, RI.	7/8/16
7/3/16 22:15	Cranston	RI	Oval	15 minutes	Four bright orange orbs drifted in the Eastern sky over Cranston,RI at 10:15 pm on July 3rd.	7/8/16
7/2/16 22:15	Warwick	RI	Circle	10 minutes	Red spherical light with green moving light and no white light.	7/8/16
6/25/16 21:23	Cranston	RI	Cylinder	5 minutes	Orange fiery cylinder traveling slowly across the night sky. ((anonymous report)) ((NUFORC Note: Possible airliner in Sun? PD))	7/8/16
6/22/16 22:00	Riverside	RI	Circle	3 minutes	I saw a small red lighted ball in the clear night sky for approximately 3 minutes. I was able to take 3 photos of it. No sound.	1/6/17
6/11/16 1:00	Cranston	RI	Light	15 minutes	Nine bright orange orbs drifted over Cranston, RI.	6/16/16
6/1/16 0:52	West Greenwich	RI	Light	2 minutes	Bright light in sky seen by two sisters over East Greenwich, RI	6/1/16
4/28/16 22:00	Woonsocket	RI	Oval	Few seconds	Unexplainable logic in what I saw.	4/29/16
4/27/16 14:45	South Kingstown	RI	Unknown	2 minutes	Small, gold spinning star-like object above electrical wires	4/29/16
4/15/16 15:35	South Kingston	RI	Rectangle	5 minutes	Orb Jane rectangLe craft in sky.	4/22/16
3/11/16 0:35	East Greenwich	RI	Disk	15 minutes	I followed a bright orange light as I was driving, it started veering off behind a neighborhood and looked as if it was landing.	3/18/16
3/6/16 17:00	North Providence	RI	Disk	45 seconds	2 bright metallic disc objects with a dark underside were flying in unison in a circular pattern high in the sky at 5:00 pm.	3/11/16
3/2/16 23:00	Lincoln	RI	Light	10 seconds	Waiting in a empty parking lot with my freind in his car I observed a blue and white light appear out of pitch black sky and completely	3/4/16
1/10/16 22:30	Ocala	RI	Diamond	2-3 minutes	I walk my dogs every night about 10:30 or 11:00. A COUPLE MONTHS AGO i spotted two diamond shaped objects in the West,NorthWest sky.Abo	2/11/16
12/24/15 23:00	Cranston	RI	Oval	3 minutes	As soon as I exit the Walgreens on Broad. St My attention is immediately captured by a very bright, very low hovering light. The light	1/8/16
11/27/15 20:40	Middletown	RI	Teardrop	1 minute	Looking out my patio sliding glass door in a southerly direction, I saw three oblong, football shaped objects slowly flying NE.	1/5/16
11/26/15 18:00	Woonsocket	RI	Rectangle	4-5 seconds	Green falling fireball.	12/3/15
11/21/15 16:20	Tiverton	RI	Circle	5 minutes	Different color flashing object seen from RT 24	11/26/15
11/18/15 16:00	Hope Valley	RI	Other	30 seconds	Dome shaped object.	12/3/15
11/17/15 20:00	Warwick	RI	Light	5 minutes	((HOAX?? Date is flawed; contact information defective.)) saw a round ball of light moving slowly then disappeared	3/24/16
11/5/15 16:30	Tiverton	RI	Fireball	45 minutes	5 oblong shaped fireballs seen in the sky over Tiverton, Middletown, RI 11-5-2015.	11/6/15
11/4/15 9:02	North Smithfield	RI	Other	35-50 seconds	Watching 2 sets of lights in sky when the 1st set flashed, became one single light & shot straight to the ground.	11/6/15
11/2/15 23:15	North Kingstown	RI	Other	10 minutes	Sphere shaped object with red striped lights in back and white lights Flashing around the sphere;,flying towards Quonset.	11/6/15
10/16/15 20:00	Cumberland	RI	Light	3-4 seconds	I saw a bright light off in the distance in MA, to my right, come out of nowhere from the sky and shoot down toward earth at an extreme	10/29/15
10/10/15 20:00	Warwick	RI	Unknown	2-3 minutes	We saw two slow moving triangle formations.	10/16/15
10/10/15 15:45	North Smithfield	RI	Sphere	40-60 seconds	Walked outside to garage, immediately caught my eye sphere shape. Thought it was balloons at 1st because the way Sun was hitting it. Wa	10/16/15
10/6/15 20:00	East Providence	RI	Light	2-3 seconds	Fast green light.	11/12/15
9/28/15 17:00	Smithfield	RI	Rectangle	30 seconds	Driving home from work, I saw a very large craft, clear as day. It looked like it was put together by leggo blocks. It had no wings.	9/29/15
9/27/15 22:00	Narragansett	RI	Teardrop	2-3 minutes	Gold, teardrop, lunar eclipse, 9/27/2015, Narragansett, RI.	10/2/15
9/27/15 21:30	Narragansett	RI	Sphere	2-3 minutes	Gold Orb Sphere Lunar Eclipse Narragansett, RI.	9/29/15
9/26/15 21:50	Pawtucket	RI	Formation	20 min	Orange lights ufo seen In Rhode Island.	9/29/15
9/26/15 21:35	Pawtucket	RI	Formation	15 minutes	Series of yellow orbs w/red outer glows moved from N. to W. in single file, dimmed to red, then fizzled out sequentially.	10/2/15
9/19/15 18:15	Block Island	RI	Circle	10-15 seconds	While swimming, we witnessed a pink circular craft float across sky and drop down into the ocean.	9/25/15
9/14/15 23:45	North Providence	RI	Circle	3 seconds	Bright light moving very fast in a pointed direction across the sky.	9/17/15
9/12/15 0:00	Warwick	RI	Light	10 minutes	2 lights in the sky disappeared and came back super bright before vanishing	9/17/15
9/11/15 18:45	East Providence	RI	Formation	2 minute	3 shimmering, constant yellow lights moving across the sky changing configuration as they flew. One broke off left and up and flew out	9/17/15
9/11/15 18:30	Westerly	RI	Other	10 minutes	Hundreds of thousands of tiny white, shimmery dots converging into clusters and going up into the sky. Lasted about 10 minutes.	9/17/15
9/9/15 18:30	Middletown	RI	Cylinder	10 seconds	Silver cylinder shaped object moving super fast from north to south followed by another identical object a minute or so after the first	9/11/15
9/8/15 10:00	Providence	RI	Disk	10 minutes	Saw a disc shaped ufo with a green glow with green and red flashing lights hovering slowly over the Providence River Bay area	9/11/15
9/5/15 23:00	Warwick	RI	Changing	4 hours	Every night I see a bright light star shape thing move across the sky. But last night was different. This one I watched for 4 hours.	9/11/15
8/25/15 21:00	Woonsocket	RI	Diamond	2 minutes	Flying low no sound lights flash in a diamond shape.moved from side to side then hoverd for a minute then took off	8/27/15
8/11/15 6:05	Cumberland	RI	Light	25 seconds	Morning UFO over Cumberland, RI.	8/13/15
8/8/15 1:15	Groton Long Point	RI	Circle	20 minutes	Bright lime a star, small, moved fast then hovered.	8/13/15
8/2/15 18:40	Warwick	RI	Sphere	10 seconds	Bright reddish/orange self-illuminated sphere rising up from Warwick Pond in Warwick, Rhode Island.	8/6/15
7/29/15 21:00	Bristol	RI	Sphere	30 seconds	Three purple/red objects with strobe traveling SE to ENE.	7/31/15
7/25/15 0:48	East Providence	RI	Fireball	3 minutes	Red and blue light UFO over Cranston, Rhode Island, landing vertically in Narragansett Bay.	7/31/15
7/17/15 0:00	Exeter	RI	Circle	5 minutes	((HOAX??)) A blue orb went down the street-a few minutes later it was seen flying past a house window.	7/22/16
7/12/15 22:00	Narragansett	RI	Fireball	5-10 minutes	Extremely bright reddish orange pod/egg-shaped obj. moving NE over Narragansett Bay near Ocean Rd; followed coast, then E.	7/17/15
7/4/15 22:00	Johnston	RI	Fireball	20 minutes	10-12 single line formation yellowish/orange spheres flying overhead into the clouds, then disappearing one by one.	7/10/15
7/4/15 21:00	Providence	RI	Formation	5-7 minutes	8 disc shaped crafts w/4 or 5 orange lights...they made no noise whatsoever and they should have if they were produced on this planet.	7/6/15
7/3/15 21:30	Pawtucket	RI	Light	~30 minutes	Possible UFO or military aircraft above McCoy Stadium after the Pawtucket Red Sox - Scranton Willkes-Barre Rail Riders baseball game.	7/6/15
6/26/15 1:05	Coventry	RI	Other	20 seconds	Driving down I-95 S, coming home from a friend's passing exit 6a I took a picture with my phone of the moon because it was eluminingat	7/3/15
6/24/15 9:46	Providence	RI	Light	5 minutes	I seen a bright blue light that seemed to get dim then glow red then started moving at a slow pace then 2 other pulsating lights coming	7/3/15
6/5/15 22:50	South Kingstown	RI	Light	2 seconds	At the above time and date, a bright light, blueish-white, streaked overhead, going S to N. ((NUFORC Note: Possible meteor?? PD))	6/15/15
6/5/15 13:00	Providence	RI	Unknown	5 minutes	Multiple reflective objects high in the sky.	6/5/15
6/4/15 22:30	Tiverton	RI	Circle	1 hour	Seven glowing lights appear in the sky and each disappear and reappear multiple times within about an hour in Tiverton, RI.	7/10/15
5/30/15 22:00	Providence	RI	Circle	10 seconds	I was outside talking to my father with my aunt and my little cousin I look to the right of me I thought it was firework coming in the	6/5/15
5/30/15 12:32	Riverside	RI	Formation	unknown	Something strange in the sky.	11/19/15
5/1/15 20:37	Pawtucket	RI	Light	30 seconds	Extremely small light moving at a constant speed like an airplane, but extremely far in the skies.	5/8/15
4/23/15 0:00	Middletown	RI	Unknown	44 years known	Satellite Imagery of the course of 44 years.	4/23/15
2/27/15 3:50	South Kingstown	RI	Other	30 seconds	Small sparkling lights in the air/sky.	3/6/15
1/2/15 6:09	North Kingstown	RI	Light	30 seconds	2 separate sightings of medium brightness star lights traveling at high speed and great distance and making 90deg turns	1/7/15
12/14/14 4:33	Rumford	RI	Light	2 seconds	An apparent shooting star that had a U-shaped trajectory.	12/18/14
12/12/14 20:25	Pawtucket	RI	Oval		4 oval shaped blue lights in the sky circling and in a pattern of coming all together. ((NUFORC Note: Advertising lights. PD))	12/18/14
11/29/14 19:45	North Providence	RI	Circle	60+ minutes	I was in my backyard and I saw 4 balls of light dancing together in the sky. ((NUFORC Note: Advertising lights?? PD))	12/5/14
11/29/14 5:15	Cumberland	RI	Circle	6 minutes	Leaving my house for coffee the noticed a ball of light extremely quiet no noise also big in size flying S the as 1 object.	12/5/14
11/16/14 18:15	Coventry	RI	Fireball	3 minutes	I was walking my dogs on this particular night and observed what looked like a plane taking off from Green Airport.	11/21/14
10/31/14 21:50	Charlestown	RI	Unknown	7 seconds	Heard a power down of an engine in the sky with no visible object and slight home power flicker	11/6/14
10/27/14 18:50	South Kingstown	RI	Fireball	5-10 minutes	Fireball going across the sky when trying to watch the initial Antares launch on 10/27/14	11/6/14
10/25/14 1:25	Pawtucket/Rumford	RI	Diamond	~60 minutes	Diamond shapes in the sky. Moving side to side. Blinking/flashing at each other. Almost dancing with each other. Zig zagging across the	11/6/14
10/21/14 23:30	Pawtucket	RI	Unknown	2 minutes	Bright orange/red light filling room.	11/6/14
10/14/14 22:30	Hope	RI	Light	6 minutes	Bright red stationary light, low in sky, never moves and inch, then disappears.	11/6/14
10/9/14 22:00	Kingston	RI	Fireball	1/2 hour	Fireballs all moving same direction.	10/10/14
9/27/14 21:00	Providence	RI	Fireball	3-5 minutes	While walking in Providence, husband and wife and others view 3 orange orbs in the night sky	10/3/14
8/26/14 5:00	Warwick	RI	Cylinder	3 minutes	A very large circle of light. which dissipated.	8/31/14
8/23/14 21:25	South Kingston	RI	Fireball	2 minutes	Two fireballs traveling together.	8/29/14
8/18/14 22:30	Narragansett	RI	Fireball	10 minutes	Orange flaming orb flying over Narragansett, RI, beach.	8/22/14
8/17/14 10:21	Johnston	RI	Oval	1 minute	Oval shaped craft with three big round bright lights!!	8/22/14
8/4/14 21:00	Jamestown	RI	Light	3-5 minutes	Two red/orange plasma shapes, soundless, close range for 3 minu by two witnesses one following the other by about 60 secs then vanished	8/6/15
7/28/14 22:00	Johnston	RI	Light	7 minutes	Red sphere in sky.	8/1/14
7/26/14 21:10	Middletown	RI	Light	5 minutes	Two yellowish-orange lights flying in the sky and then vanished.	8/1/14
7/24/14 18:30	East Greenwich	RI	Oval	10 minutes	An unidententifiable vehicle at significant speed.	7/26/14
7/12/14 22:30	Warwick	RI	Circle	1 minute	10 objects moving in formation.	7/20/14
7/7/14 13:00	Westerly	RI	Egg	30-45 seconds	Dark cloud followed by 5-6 chrome egg shaped crafts	3/6/15
7/6/14 22:15	Johnston	RI	Sphere	3 minutes	Thee Orange Redished Spheres appeared from behind a row of pine trees.	7/11/14
7/5/14 21:00	Bristol	RI	Light	hour	Light flying across sky.	7/11/14
6/21/14 20:03	Woonsocket	RI	Sphere	1 1/2	2 Orange balls that have came out of cloud and moved west slilently...Second time I seen,1 in front of me,above a home.	6/24/14
6/7/14 21:00	Pawtucket (Central Falls)	RI	Triangle	3 hours	Seen at least 10 have a lot of pictures and videos it started at 9pm it's 11pm and still going a triangle shape Turning red and white a	6/13/14
6/6/14 23:00	Providence	RI	Triangle	3-4 minutes	Objects flying over Providence, RI.	6/13/14
6/6/14 22:30	Providence	RI	Circle	10 minutes	Circular lights moving quickly and low in sky.	6/13/14
6/3/14 0:33	East Providence	RI	Light	5 seconds	A light went in a "Z" pattern and disappeared.	6/4/14
5/19/14 8:30	Middletown	RI	Circle	5 minutes	Orange fireball flying at the speed of a low-flying plane heading south seen out my bedroom window by my son and I	6/4/14
4/24/14 10:00	Warren	RI	Cigar	3 minutes	I was driving N into Warren in the mid-morning, and I saw 3 cigar shape crafts, with no wings. 2 ships heading East.	5/2/14
3/20/14 19:45	Harrisville	RI	Triangle	3	Saw a triangle shaped object with lights that didn't move, then abruptly took off.	3/21/14
3/18/14 23:00	Providence/Johnston (between; traveling)	RI	Sphere	Unknown, seemed to stay	Large, red and spherical object "hiding" behind the moon at night.	3/21/14
2/1/14 15:25	South Kingstown	RI	Triangle	3 minutes	While out in my backyard with my dogs at above time I hear the unmistakeable 'jet-like' roar..EXTREMELY loud sound..of craft that have	2/7/14
1/30/14 17:30	West Greenwich	RI	Circle	1 minute	Two hovering black disk's, no lights. Seen by 2 people and photographed	2/7/14
1/18/14 23:00	Pawtucket	RI	Triangle	3 minutes	Saw a triangle ufo hovering over the the street. Started to come straight towards us and then took a sharp turn to the right and flew a	1/24/14
1/5/14 18:45	East Providence	RI	Light	10 minutes	Orange lights formation speed fast low multiple ufo.	1/10/14
12/28/13 13:00	Providence	RI	Teardrop	15 minutes	White bright streak like teardrop shape in clear blue sky.	1/10/14
12/25/13 20:15	Woonsocket	RI	Fireball	3mins	3 orange fireballs.	1/10/14
12/24/13 17:45	Providence & Cranston	RI	Fireball	5 minutes	Fireball-like lights on Christmas Eve.	1/24/14
11/29/13 20:00	Coventry	RI	Sphere	1-1.5 seconds	Bright white light travels across the night sky and vanishes.	12/2/13
11/29/13 8:07	North Providence	RI	Fireball	4 seconds	Bright, white, low object split second gone.	12/2/13
11/24/13 19:00	North Providence	RI	Light	2.5 hours	Read above. ((NUFORC Note: We wonder whether the object might have been in the SW sky, therefore, Venus. PD))	12/2/13
11/23/13 17:30	Coventry	RI	Other	days	A light over Rhode Island for more than 10 days. ((NUFORC Note: If the time is p.m., we suspect Venus. PD))	12/2/13
11/16/13 18:30	Jamestown	RI	Fireball	8 minutes	When outside with our dog around 6:30 pm on Sat., Nov. 16th, I spotted a bright white orange light pulsating somewhat coming above the	11/20/13
11/10/13 22:51	Providence	RI	Rectangle	1 minutes	Was coming home from a friends house and before my exit i saw an unidentified flying object. it started out right out front my windshie	11/11/13
11/2/13 22:30	Wakefield	RI	Fireball	5 minutes	Silent flaming ball moving around 50 knots at 1500 feet altitude. Dead calm wind. Could see flames dancing.	11/11/13
10/20/13 19:42	Woonsocket	RI	Triangle	5 minutes	A flashing triangular object hovering in sky with white beaming lights and body changing color.	10/23/13
10/9/13 20:00	Woonsocket	RI	Light	2 minutes	Bright light.	10/14/13
10/1/13 12:40	Lincoln	RI	Light	4 seconds	Two white dots crossing paths around Lincoln and Providence RI.	10/3/13
9/29/13 18:00	Johnston	RI	Disk	90 seconds	4 objects seen in upper atmosphere maneuvering at high speed then up out of sight!	9/30/13
9/25/13 3:39	Hopkinton	RI	Light	45+	I went to let my dogs out and have a smoke. The moon was bright, high above my yard and the sky was clear, I could see all of the stars	9/30/13
9/22/13 18:00	Warwick	RI	Circle	30 minutes	It looked like a star but moved in various directions.. that a plane could not do. we realized it was moving because it was between two	9/30/13
9/19/13 20:00	West Warwick	RI	Fireball	15 seconds	Bright orange fireball with 300 meter trail.	9/30/13
9/10/13 23:00	Warwick	RI	Formation	10 minutes	Silent orange lights in formation.	9/30/13
9/7/13 22:00	Coventry	RI	Circle	2 minutes	Driving on the road the car in front of me pulled to the sholder, I looked up to the sky to see 5 circular shaped lights in a crescent.	9/9/13
9/1/13 1:30	North Providence	RI	Disk	5 seconds	Bright greenish blue circular disc object moving over head leaving a white trail behind it.	9/9/13
8/17/13 9:30	Cranston	RI	Light	30 minutes	I pulled into work last night and realized my co worker, and a few people from the restaurant next to ours were staring at the sky. I g	8/30/13
8/16/13 20:15	Woonsocket	RI	Sphere	2 minutes	Orange orb moving in the sky silently.	3/6/15
8/3/13 22:40	Woonsocket	RI	Fireball	~3 minutes	A bright red circle/light/fireball in the sky that didn't blink and suddenly disappeared.	8/30/13
8/2/13 22:00	Charlestown	RI	Cylinder	30 seconds	White cylinder with orange flames hovering at rooftop height.	8/30/13
7/27/13 21:00	Pawtucket	RI	Circle	minutes	Round hovering objent with bright colored lights	8/30/13
7/26/13 20:00	Pawtucket	RI	Light	20 minutes	Light in sky above pawtucket ri	8/30/13
7/23/13 17:40	Providence	RI	Sphere	Unknown	UFO Stuck within a Storm Cloud	8/30/13
7/4/13 21:20	North Providence	RI	Fireball	5 minutes	Unknown red ball object in the sky near fireworks display.	4/3/15
7/4/13 20:00	North Providence	RI	Sphere	3 minutes	Red sphere at a Fireworks display in Rhode Island 2013	4/17/15
6/18/13 17:00	Woonsocket	RI	Diamond	1 minute	A UFO was sighted flying over a school in Woonsocket RI.	7/3/13
4/18/13 20:00	Exeter	RI	Diamond	30 seconds	Two diamond shaped objects flying just above tree line, odd movement and light color	5/15/13
3/30/13 20:20	North Kingstown	RI	Unknown	10 minutes	Two bright yellow/orange lights moving Northwest to Southeast over North Kingstown, RI	5/15/13
3/17/13 0:50	Cranston	RI		20 minutes	Light blue disk over Cranston RI for 20 minutes. ((NUFORC Note: Possible advertising lights?? PD))	5/15/13
3/9/13 19:30	Providence	RI	Other	20 seconds	Orangish glowing object soared at low altitude , followed by white shooting star streaking across sky for 3 seconds	5/15/13
3/3/13 21:00	Cranston	RI	Fireball	1 minute	Orange ball of light hovering at a low altitude in cranston, vanishes then reappears seconds later in diff location	4/12/13
2/5/13 7:30	Providence	RI	Cigar	3:00	Bright light cigar shape hovering and disappearing.	2/18/13
1/14/13 17:00	Pascoag	RI	Light	2 minutes	Glowing orange light larger than north star, located north, hovers and travels down past tree line.	10/3/13
12/13/12 17:00	North Providence	RI	Unknown	22:00	I Julian Smith witnessed and others mutiple ufos speeding faster then the fighter jet plans and all other objects near 100miles in eyes	12/20/12
12/13/12 8:18		RI	Light	12 minutes	6 fast crarft appear then fly out of view.	12/20/12
12/5/12 17:00	Westerly	RI	Fireball	1/2 second	Intense yellowish white fireball with greenish tint.	12/20/12
11/29/12 20:00	Richmond	RI	Chevron	30 seconds	Insanely large craft, wierd shape, purpleish blue, blue and white spotlights, very low over my car, flying slow.	12/20/12
11/29/12 16:25	Coventry	RI	Fireball	5 minutes	Fireball falling straight down.	12/20/12
11/28/12 17:45	North Smithfield	RI	Other	2 seconds	Super fast blue green object jets in sky and just disappears.	12/20/12
11/21/12 22:00	Newport	RI	Circle	1 minute	Slow moving white light with red sphere rotating tightly around it, disappears into thin air.	12/20/12
11/19/12 18:00	Providence	RI	Teardrop	4-9 minutes	Around 6 am I saw something in the sky that looked like a silver teardrop.	12/20/12
11/5/12 17:23	South Kingstown	RI	Circle	~1 second	Large Fast Moving Blue/Green Circlular Object Flying Through The Sky In North East America	11/19/12
11/5/12 9:40	Cranston	RI	Sphere	1 minute	3 spheres in Cranston, RI.	11/19/12
11/1/12 19:00	Coventry	RI	Light	15 minutes	Hope they land.	11/4/12
10/29/12 22:00	Woonsocket	RI		flash of camera	Alien? looking in a second story window. It's a strait drop beneath it, but there it is. ((NUFORC Note: We suspect an artifact. PD))	11/19/12
10/29/12 10:30	Woonsocket	RI		seconds	Unusual alien in the window - non grey.	12/20/12
10/21/12 23:57	Cranston	RI		90 seconds	Large orange ball over Rhode Island.	10/30/12
10/18/12 22:00	Rumford	RI	Light	30 minutes	On 10/18/12 at 10:30 p.m. Two bright lights were seen in the eastern sky. At first they were stationary, but then they started moving b	10/30/12
10/6/12 0:40	Cranston	RI		90 seconds	I am a retired plychologist age 64. I sit out every night till about 2pm facing the south. I saw a large round orange ball, like a pu	10/30/12
9/20/12 1:30	Warwick	RI	Light	3 minutes	I got up to let my dogs out at 1:30 AM on September 20, 2012. Standing out on my deck I noticed how clear the sky was. When I looked to	9/24/12
8/22/12 23:15	Block Island	RI	Fireball	3 minutes	Saw 5 fireballs some in V formation that went out one by one.	9/24/12
8/17/12 20:42	Warwick	RI	Circle	@30 seconds	Circular Object (Fiery?) over Warwick, RI	8/19/12
8/17/12 11:25	Warwick (6 miles north of)	RI			Object behind blimp	9/24/12
8/5/12 23:00	Coventry/Exeter	RI	Circle	3 minutes	Flickering lights in RI skies on Aug. 5, 2012.	8/19/12
8/4/12 21:00	Pawtucket	RI	Cylinder	3 minutes	Bright Red/Orange Light flying across sky weeving in and Out, Slowing down and Speeding up.	8/5/12
7/25/12 22:25	Cumberland	RI	Circle		Lights flying in the sky	8/5/12
7/10/12 22:22	Coventry	RI	Fireball	15 seconds	Orange balls, flying very fast, seen over Coventry	8/5/12
7/7/12 22:09	Newport	RI	Fireball	2 minutes	2 fireball objects changing to triangle objects pulsing orange light flying overhead at purgatory chasm in Newport.	8/5/12
7/4/12 23:00	Woonsocket	RI	Changing	5 mimutes	Heard a vibrating sound and looked out the 3rd floor window. Saw a rotating star tetrahedron. It lit up the sky like it was day. Moved	2/17/17
7/1/12 20:00	Newport	RI	Circle	10 minutes	I saw a red fire ball that I thought was a plane on fire coming down diagonally from the sky.it landed in the ocean at first beach in N	7/4/12
6/30/12 22:15	Riverside	RI	Circle	15 20 minutes	My kids were out side playing when one of them look up to the west and saw a lot of redish Orange orbs in the sky they ran the house to	7/4/12
6/28/12 3:09	Pawtucket	RI	Sphere	1 minute -5minutes	((HOAX??)) I had just finished watching a rerun of ghost hunters and i got on my laptop and as usual i go to google.	7/4/12
6/14/12 23:00	Cranston	RI	Fireball	1 minute	2 fireballs, bright white interiors, bright red flaming edges, moved SW across the sky, then disappered one at a time.	6/20/12
6/14/12 23:00	Cranston	RI	Sphere	15 minutes	Bright spheres forming huge triangle.	12/20/12
6/1/12 12:30	Greenville	RI	Other	3 seconds	there was a loud boom and a flash of light	6/5/12
5/24/12 21:00	Narragansett	RI	Circle	2 hours	8 witnesses viewed 9 ufo's in the Rhode Island sky.	9/24/12
5/19/12 21:30	Woonsocket	RI	Light	3 minutes	Large bright fire orange in color,a perfect globe of light	5/29/12
5/12/12 11:00	Riverside	RI	Circle	5 minutes	flying redish orange balls without tails flying down the street at a high rate of speed.	5/29/12
5/12/12 1:30	Kingston	RI	Light	5-6 seconds	Red star weaving back and forth across the sky	5/13/12
3/20/12 21:30	Pawtucket	RI	Light	60 seconds	An object producing a large bright orange glow could be seen in the clear night sky for about one minute. It seemed to hover over us in	5/13/12
3/18/12 20:00	Warwick	RI	Circle	10 mintues	Orange circular orbs in the sky.	5/13/12
3/18/12 19:15	Warwick	RI	Circle	3 minutes	A red circular fire that moved across the sky was seen by 5 people in RI.	5/13/12
2/27/12 22:20	Coventry	RI	Light	5/10 secs	BRIGHT WHITE LIGHT WITH A BLUE AURA MOVING EXTREMELY FAST	3/13/12
2/27/12 9:25	Coventry	RI	Fireball	seconds	Flash was so bright it hurt my eyes like a camera flash to close, it lasted seconds and it was gone, looked like a fire ball yellow and	3/13/12
2/21/12 18:45	Ashaway	RI	Unknown	about 1 minute	Four or five chevron type craft flying at night.	3/13/12
2/15/12 23:35	South Kingstown	RI	Light	5 seconds	At approximately this time, I let one of my dogs out into my large fenced and wooded backyard. The night was cold, clear, and many sta	3/13/12
2/5/12 14:00	Warwick/Coventry	RI	Other	8 minutes	Black bell kiowa sightings over 95	2/10/12
1/15/12 17:00	Smithfield	RI	Triangle	5 minutes	Triangular lighted shape in the sky around 5 pm	1/24/12
1/8/12 17:27	Westerly	RI	Fireball	5 min.	Four Reddish-orange fireballs-changed direction-disappeared.	3/13/12
12/17/11 20:00	North Scituate	RI	Light	5 min	I noticed 6 or 7 constant red/orange lights low on the horizon behind the trees.	1/12/12
11/26/11 9:00	Providence	RI	Unknown	1-2 hours	The object was extremely close to my car when driving and traveled at a high rate of speed when it was not idle.	12/12/11
11/18/11 20:00	Woonsocket	RI	Circle	5 seconds	Moved faster that a plane but, much slower than a meteor.	12/12/11
10/10/11 14:30	North Kingstown	RI	Oval	40 sec	Bright oval object in sky	10/25/11
9/17/11 20:05	West Warwick	RI	Light	@ 5 min	I saw 6 or 7 red lights slowly moving in the sky north of West Warwick, RI that were heading north	10/10/11
9/17/11 20:05	Johnston	RI	Sphere	1 minute	Orange Sphere in the night sky.	10/10/11
9/12/11 21:30	Providence	RI	Triangle	1 second	Fleeting triangular object following a meteor path	10/10/11
9/3/11 22:15	Narragansett	RI	Unknown	2 minutes	Newton Ave/ Hazard Rock area- Huge hovering object with light formations dissapeared.	10/10/11
9/1/11 2:30	West Greenwich	RI	Light	30 seconds	I awoke to find orbs of light floating outside my bedroom window	5/2/14
7/9/11 22:15	Mapillville	RI	Fireball	60 seconds	On 7-9-2001 i was driving home from a friends house in Mapillville Road Island . I was 1000 feet from my driveway. There was a clearing	7/17/11
7/4/11 22:00	Warwick	RI	Fireball	20 mins	Red lights in the sky on the 4th of july	7/6/11
5/8/11 23:00	Exeter	RI	Diamond	20min	A disbeliever firmly becomes a believer after spotting this thing in the sky.	5/29/11
3/7/11 18:50	Wakefield	RI	Formation	30-60 sec.	Two White Lights Fly Simultaneously WNW to EAST	3/10/11
2/18/11 19:40	North Kingston	RI	Flash	Seconds??	Man sitting in car is bathed in light from three very bright flashes of light, in rapid sequence.	2/18/11
1/25/11 19:20	South Kingstown	RI	Unknown	10 minutes	Mystery 'jets' again over Rhode Island	1/31/11
1/21/11 17:11	Warwick	RI	Light	10 Seconds	Blue ball of light arching in the sky in Warwick, Rhode Island	1/31/11
1/16/11 21:00	Pawtucket	RI	Circle	60 sec.	3 flying orange orbs.	1/31/11
1/3/11 21:40	Wakefield	RI	Disk	1.5 seconds	A large disc shaped craft entered my field of vision and disappeared before i could observe further details.	1/5/11
11/2/10 17:00	Coventry/West Greenwich	RI	Other	about 10 mins.	2 missile shaped objects in broad daylight. 95 SOUTH EXIT 7. They were moving extremely slow or not at all. Was not a plane.	11/21/10
9/20/10 0:00	Westerly	RI	Unknown	40 minutes	Low flying jet like sound followed by a long sighting of three color lighted object hovering.	11/21/10
9/15/10 22:45	East Greenwich	RI	Triangle	1 minute	Three bright white lights in a triangular shape - with a red pulsing light at the rear moving over highway - LOW	11/21/10
8/14/10 23:00	Providence	RI	Diamond	15 minutes	lights over providence	8/24/10
7/27/10 0:15	Cranston	RI	Other	20 minutes	Pulsating white, red, geen light in the Western Sky of Rhode Island. ((NUFORC Note: Sighting of star. PD))	7/28/10
7/15/10 19:45	Newport	RI	Disk	3 to 4 minutes	Dark stationary object w/ no lights; some type of stat. undercarriage. ((NUFORC Note: Report from Air Traffic Controller. PD))	6/8/12
7/11/10 3:00	West Warwick	RI	Light	the past two days so far	several flying objects surrounding one bright light that moves in different directions. ((NUFORC Note: Jupiter in E sky?? PD))	7/19/10
7/4/10 23:30	Providence	RI	Unknown	1 minute	A bright light in the sky croosing the sky of Providence pulling with it small and big clouds with out sound.	8/5/12
6/3/10 14:00	Newport	RI	Disk	Unknown	UFO photo sighting	7/10/10
5/24/10 14:30	Charlestown	RI	Other	1 hour	Strange aircraft again over southern Rhode Island	6/3/10
5/20/10 11:00	South Kingstown	RI	Chevron	5 minutes	Odd chemtrail and jet formation over souther Rhode Island	6/3/10
5/16/10 9:40	South Kingstown	RI	Cylinder	30 seconds	Stationary gray cylinder slowly accelerates, turns white, then opaque, and disappears.	6/3/10
5/14/10 4:30	Providence	RI	Other	2 seconds	Star slides to left in sky, then Disappears	11/21/10
4/10/10 21:00	Warwick	RI			this is not a sighting report but perhaps a clarification of an event that occured on the night of April 10, 2010 in which a UFO was re	5/12/10
4/10/10 0:00	Warwick	RI	Disk	10 minutes	bright light hovering over the warwick mall	4/13/10
4/2/10 20:45	Greenville	RI	Formation	5 minutes	orange lights over Greenville RI started in formation then disappeared from sky very weird	4/13/10
3/16/10 12:45	Westerly	RI	Circle	10	Object flying along side an airplane disappeared into the clouds, emerged 5 minutes later and flew southwest.	4/13/10
1/26/10 11:00	South Kingstown	RI	Other	5 minutes	This morning at 11am I again heard the now familiar jet-like sound of an approaching craft. I went outside to see a low flying jet of	2/14/10
1/21/10 18:40	South Kingstown	RI	Cylinder	7 minutes	Jet-like objects again over southern Rhode Island	2/14/10
1/20/10 18:45	South Kingstown	RI	Chevron	10 minutes	Jet-like craft with loud noise and strange lights in over southern RI	2/14/10
10/11/09 19:00	North Smithfield	RI	Circle	10 to 15 seconds	I was watching the sky like I always do on a clear night because you can always see what appear to be stars riding along the night sky.	12/12/09
10/1/09 20:00	Providence	RI	Disk	5 minutes	saucer with red and blue lights over providence, RI	12/12/09
10/1/09 8:00	Pawtucket	RI	Cylinder	10 minutes	Hovered over Pawtucket, RI and had red flashing lights at the bottom	12/12/09
9/25/09 22:30	Wakefield	RI	Light	seconds	two lights moved horizontally then zig zaged very fast and shot out of sight.	12/12/09
9/19/09 20:23	North Kingstown	RI	Light	3 min	There was a bright bell shaped light in the sky. ((NUFORC Note: Missile launch. PD))	12/12/09
9/19/09 20:12	Cranston	RI	Cone	3 min	cone shaped hazy light pointed downward from sky. ((NUFORC Note: Missile launch. PD))	12/12/09
9/19/09 20:10	Wakefield	RI	Triangle	1minute	Bight ball of light in the sky trailed by a more diffuse morphing cloud of light. ((NUFORC Note: Missile launch. PD))	12/12/09
9/19/09 19:58	North Smithfield	RI	Sphere	>1 minute	I was looking up at the stars and all of the sudden a giant circle was right in front of my eyes. ((NUFORC Note: Missile launch. PD))	12/12/09
9/19/09 19:50	Providence	RI	Unknown	20 seconds	I ran across information that seems to explain the beams. ((NUFORC Note: Missile launch. PD))	12/12/09
8/23/09 3:00	Little Compton	RI	Fireball	3 mins	Strange orbs/lights seen above and around Warren Point during Hurricane Bill	12/12/09
8/19/09 22:00	Leeds (UK/England)	RI		2 minutes	controlled and deliberate manouvers	8/27/09
8/8/09 21:00	Middletown	RI	Fireball	0:05	~24 orange/red fireball shaped objects moving in pairs along common flight path before ascending and dissappering.	8/27/09
8/1/09 20:15	Warwick	RI	Sphere	15 sec	oakland beach , green glowing illuminated object moving very fast east to west	8/27/09
6/8/09 3:00	Providence	RI	Teardrop	7 minutes	UFO seen floating over providence, RI	6/9/09
5/30/09 17:00	Smithfield	RI	Chevron	10 min	Chevron shaped craft filmed in daylight.	6/9/09
4/23/09 19:10	Cranston	RI	Disk	1 minute	Two Silver Objects diagonal from each other hovered, then jolted upwards, and vanished out of sight on a clear day.	5/12/09
1/19/09 14:21	Providence	RI	Formation	6 minutes 20 seconds	Rhode Island, Providence, Nantucket, 19th January - formation flying craft of ther sky	3/19/09
1/9/09 21:00	Johnston	RI	Oval	5 mins	object did not move in normal manner	3/19/09
12/5/08 7:30	Tiverton	RI	Cylinder	5-6 seconds	Brilliantly lighted cylindrical object seen in northern sky moved at a high rate of speed and vanished.	3/19/09
11/27/08 6:00	Warwick	RI	Flash	1 second	Cloud like object streaks through sky at tremendous speed - for one second!	1/10/09
10/31/08 19:00	Wakefield	RI	Flash	1 second	Bright, white flash	1/10/09
10/8/08 18:45	Wakefield	RI	Formation	3 min	2 sets of 5 or 6 red tumbling lights move steadily across southern sky.	1/10/09
10/4/08 23:15	Providence	RI	Oval	Approximately 1 minute	3 illuminated oval objects spotted flying closely together.	10/31/08
10/1/08 19:00	Warwick	RI	Circle	ten minutes	Myself and two of my friends were driving down the road to pick up my girlfriend when my friend in the passenger seat noticed two unide	1/5/11
8/21/08 14:00	Newport	RI	Disk	30sec	((HOAX)) flying saucer speeds by overhead while bystanders are appaled while the traind investigator me is not surprised.	10/31/08
8/20/08 20:30	Newport	RI	Cone	10mins	((HOAX??)) 4 cigar shaped craft hovering over newport	10/31/08
7/15/08 23:30	Johnston	RI	Triangle	20 sec	triangle over johnston with blue red and white lights	8/12/08
7/12/08 0:38	Cranston	RI	Light	approx. 12 minutes	See's light over Cranston	8/12/08
7/11/08 13:30	Riverside	RI	Circle	3 minutes	Round white object spotted traveling faster than a conventional aircraft, no smoke trail/tail	8/12/08
5/24/08 5:10	Narragansett	RI	Circle	4-5 minutes	I saw this object just above the moon and slightly to the left and it changed from whitish to light bluish and back to whitish.((Star?)	6/12/08
4/17/08 23:45	Cumberland	RI	Disk	15 Minutes	Unknown Object Acting Strangely In The Sky With No Sound To It At All	6/12/08
3/31/08 1:00	Newport	RI	Triangle	present	occuring right now	3/31/08
2/21/08 18:00	Providence	RI	Other	10 seconds	Object shaped like a backslash (\) zoomed across downtown Providence sky.	3/4/08
1/7/08 6:30	Cranston	RI	Circle	4minutes	round golden glowing orb with spike shaped projections	1/21/08
1/3/08 2:40	West Warwick	RI	Unknown	20 min.	Sighted three white to bluish lights that came to a stationary halt -watched for 15 min. & fell asleep.	1/21/08
12/6/07 19:55	West Warwick	RI	Circle	60 seconds	Me and my father's girlfriend were walking back form the store when what we seen what we though was an airplane flying extrmely close t	3/4/08
11/25/07 21:00	Wyoming	RI	Light	4	craft blending in with the stars, visits Rhode Island	10/31/08
11/6/07 18:00	Providence	RI	Light	one minute	Elongated yellowish bar of light which pulsated as it travelled	11/28/07
9/15/07 19:35	Kingston	RI	Fireball	2 minutes	Pinkish Red Fireball Flash Sighting. ((NUFORC Note: Student report. PD))	11/28/07
9/14/07 5:35	Tiverton	RI	Circle	15 Minutes +	Huge, bright light in morning sky. ((NUFORC Note: Sighting of Venus. PD))	10/8/07
9/13/07 21:00	Portsmouth	RI	Triangle	30 minutes	A triangluar craft with blinking lights seemed to be surveying the backroads of Portsmouth and Middletown before it flew away.	10/8/07
8/24/07 15:00	Charlestown	RI	Disk	one Min.	UFO darting football field length jumps before skingshoting away	10/31/08
8/19/07 23:30	Little Compton	RI	Triangle	15:00	the object resonded to my flashlight,and flashed colored lights back	10/8/07
8/19/07 22:00	Cranston	RI	Light	2 min	There were 2 lights in the southern sky, one following the other, then a 3rd light shot from one of them and headed towards the ground.	10/8/07
7/6/07 21:20	Lincoln	RI	Light	60 seconds	Quickly Growing White Light in Rhode Island	8/7/07
6/7/07 21:15	Narragansett	RI	Chevron	10 minutes	Large, silent, low, gliding craft over the RI shoreline	6/12/07
5/5/07 13:00	South Kingstown	RI	Other	5 minutes	Unmarked helicopter	8/7/07
4/29/07 21:00	North Kingstown	RI	Triangle	5 min	I live on Annaquatucket rd in NK, RI I was sitting in my room and i heard dogs barking and crying outside my open window. I got up to s	6/12/07
2/8/07 1:40	Lincoln	RI	Light	35 min	2 large amber lights, 1 blinking light. Hovering & moving rapidly and erratically.	2/24/07
12/15/06 15:00	East Providence	RI	Circle	3 or 4 mins	Round flying object travelling slowly with lights around the bottom	2/24/07
10/25/06 23:50	Warwick	RI	Triangle	10 seconds	3 arrow shaped objects brown in color flying in a triangular formation moving very quickly.	10/30/06
10/21/06 0:00	North Kingstown	RI	Circle	4 seconds	Flew 50 feet in air, one after another, came back towards us, and then went back into the opposite direction.	2/1/07
10/20/06 6:30	Providence	RI	Egg	less then a minute	eggs shape bottom glowing craft	10/30/06
10/1/06 18:30	West Greenwhich	RI	Disk	8 hours	Saw Disc about 40 ft from me, helicopters came and picked it up.	2/1/07
9/7/06 1:30	Pawtucket	RI	Sphere	15 seconds	round ball like very bright	10/30/06
7/17/06 21:30	Newport	RI	Light	7 minutes	A bright orange light. Moved awkwardly up and down as it traveled across the sky...Like a fireball at one point then suddenly moves	10/30/06
7/16/06 22:00	Smithfield	RI	Triangle	15 minutes	Red and Green blinking aircrafts flying fast and low	10/30/06
6/16/06 22:00	Narragansett	RI	Light	15 minutes	Bright stationary amber light then fading out	7/16/06
2/28/06 19:45	Middletown	RI	Light	10 sec	Possible correlation to South Kingston sighting of 28 Feb	5/15/06
2/28/06 19:45	South Kingstown	RI	Chevron	3 minutes	Huge chevron or triangular craft with two large white circular lights	3/11/06
2/21/06 21:00	North Kingstown	RI	Other	? at least 1 minute	North Kingstown RI odd sighting	3/11/06
1/19/06 5:00	Wakefield	RI	Light	5:45	They appeared as stars and then they moved.	2/14/06
1/13/06 2:20	Providence	RI	Teardrop	Early Morning	It was being chased by a plane!	2/14/06
1/12/06 17:05	South Kingstown	RI	Light	7 seconds	Bright light fades to nothingness	2/14/06
12/18/05 16:00	Warwick	RI	Triangle	5 to 6 minutes	we were in our car when we saw a 2 object with lights the lights were red	2/14/06
12/14/05 23:00	Warwick	RI	Other	~1 hour	Large bright white UFO releasing smaller red/orange UFOs	4/7/17
11/10/05 19:15	Kingstown	RI	Light	5 sec	a large light overhead going north,5 times the size of a planes'light, disapearing behind clou	12/16/05
11/5/05 23:00	Cranston	RI	Unknown	10 minutes	we were inside our house and heard several loud jet like sounds that would stop and then start up agan (exactly like the noises posted	11/8/05
11/1/05 23:00	Jamestown	RI	Light	2-3 minutes	Lights in the november sky	11/8/05
10/2/05 17:30	Providence	RI	Changing	5 minutes	White tear drop shaped object that was visible to the naked eye that I noticed after an aircraft flew overhead.	10/11/05
9/12/05 22:45	Cumberland	RI	Unknown	2 minutes	In line strobe lights over Cumberland, RI	10/11/05
7/4/05 23:00	Warwick	RI	Circle	3 hours	Circles near Quonsett point-seen @ oakland beach Warwick Rhode island	7/13/05
6/30/05	Johnston	RI	Triangle	10 MINUTES	((HOAX??)) As my friend and I were driving home late one night, I was staring out at the window gazing at the stars when I noticed one.	5/12/10
6/5/05 11:35	Lincoln	RI	Other	:20	The spheres never moved, only changed colors then faded away.	6/20/05
4/24/05 19:45	Pawtucket	RI	Changing	<1 sec	Unidentified falling object/light	5/11/05
4/14/05 20:30	East Greenwich	RI	Triangle	1-2mins	Triangular ship, stationary, black body, white lights on the three corners and a blinking red/white strobe dead center.	4/16/05
3/13/05 23:00	Cranston	RI	Triangle	2Minutes	At 11pm Est I was driving my girlfriend home on Phoenix Avenue toward the free way exit to travel 95 North. In the sky at first loo	5/11/05
2/1/05 20:30	Scituate	RI	Light	long	Has anyone else in RI, CT or MA seen this?	2/8/05
1/8/05 0:15	Cumberland	RI	Triangle	0:10	Triangular craft hovered for awhile, then shot off northward	1/11/05
1/2/05 20:00	Pawtucket	RI	Circle	~5 min	sphere hummed overhead while flashing red and blue - slowly departed to the east, into South Attleboro / route 95	1/11/05
12/13/04 20:35	Exeter	RI	Light	less than a second	unusual light in sky	12/14/04
12/2/04 17:30	West Greenwich	RI	Triangle	1min30sec	My co-worker told me I should report this on this site. This is the first time I have seen this. Myself and my fiend just fininshed a d	12/3/04
11/16/04 21:00	Newport	RI	Triangle	4 min	11-16-04 On this night both the anniversary of my fathers death and the birth of my grandfather I had an intense UFO experience. While	10/30/06
9/7/04 4:45	Providence/Warwick	RI	Formation	18+minutes	Colorful lights seen over Providence/Warwick-did you see this? ((NUFORC Note: We suspect Venus. PD))	9/9/04
9/1/04 20:34	Providence	RI	Egg	2 Minutes	Two Oval/Egg shaped objects over Providence sky	9/9/04
8/31/04 21:00	North Kingstown	RI	Light	5 minutes	blurry bar of light in western sky ((NUFORC Note: Missile launch from Cape Canaveral. PD))	9/9/04
8/26/04 22:13	Westerly	RI	Triangle	1 minute	black triangle over chopper and house in RI	9/1/04
8/16/04 21:28	Scituate	RI	Light	5 minutes	Light, moving up down and left to right ((Possibly Jupiter??))	8/24/04
8/15/04 3:30	Cranston	RI	Formation	20+ minutes	Saw a formation of crescent-shapped objects over suburban neighborhood.	3/31/08
8/8/04 23:00	Johnston	RI	Disk	2 minutes	ufo over rhodeisland the real deal .	2/14/06
8/6/04 3:45	Matunuck	RI	Light	30 minutes	12-15 golden-white lights equally spaced, unmoving, about a mile from the shore out in the ocean	8/15/14
7/15/04 13:30	North Kingstown	RI	Other	1 minute	object came down from clouds and moved around general area of my back yard, then went off in same manner it came in.	7/16/06
7/3/04 12:30	South Kingstown	RI	Cigar	2 seconds	Cigar shaped object flashes twice	7/25/04
6/11/04 1:50	Pawtucket	RI	Other	10 min	The aircraft was hovering in the sky and then another one came and got next to it and they jsut dissapeared	6/20/05
3/15/04 19:44	Harrisville	RI	Light	5 seconds	light shoots straight arcross sky in about 5 seconds	3/17/04
3/15/04 19:30	West Warwick	RI	Egg	appr 15 sec	IT WAS A CLEAR NIGHT AND A EGG SHAPED OBJECT WITH A LUMUNOUS GLOW BEHIND IT WENT HORIZONTALLY ACROSS THE SKY FROM WEST TO EAST	3/17/04
2/16/04 12:30	Interstate-95	RI	Light	2 min	Bright light in sky over CT	3/2/04
1/20/04 14:30	Cranston	RI	Unknown	1 hour	Loud noise like a jet engine that went off and on for an hour making strange sounds.	8/11/04
1/18/04 12:30	Glocester	RI	Teardrop	4-5 minutes	Small black object moving through woods.	1/22/04
10/31/03 22:00	Wakefield	RI	Triangle	2 minutes	Large triangular object flying fairly low over Route 1 in wakefield Rhode Island on Halloween. 4 large white lights.	11/8/03
10/23/03 10:15	South Kingstown	RI	Unknown	2 seconds	Loud explosion heard along southern Rhode Island coast.	10/31/03
10/3/03 12:50	Coventry	RI	Formation	1 minute	a triangle formation of crafts	10/7/03
9/15/03 22:30	North Kingstown	RI	Formation	5 secs	I watch for satelites and this night I saw what appeared to be 3 flying in an irregular triangle formation in the Northeast sky at abou	2/22/05
8/21/03 21:29	Atlantic Ocean	RI	Unknown	10 minutes	Ufo sighting 17 miles into the atlantic ocean	9/9/03
8/17/03 0:00	Narragansett	RI	Diamond	drive by	Diamond Shape object with a yellowish orange glow or aura around it.Pitch black	5/15/13
7/19/03 22:10	Scituate	RI	Oval	45-60 seconds	while at Seagrave (Amateur Astronomy) Observatory on Peeptoad Road, Scituate,Rhode Island,noticed on the western horizon a turquoise br	7/23/03
7/15/03 0:30	West Greenwich, East Greenwich, West Warwick, Warwick	RI	Disk	About 12-15 Minutes	Craft follows our car up the highway for at least 10 minutes then takes off when we change direction and speed abruptly.	4/27/04
7/1/03 22:00	coventry	RI	Changing	3 minutes	energy wings that took up the whole sky breaking into three small white lights and jetting off- no sound what so ever	10/30/06
3/16/03 21:00	Portsmouth	RI	Fireball	five minutes	Vary large glowing object with a red blinking light beneath the bright round yellow/orange glowing light	3/21/03
12/24/02 16:00	Providence	RI	Sphere	2 minutes	A cold winter evening. I was walking the dog through the woods when all of the sudden I saw 3 sphere like shapes floating about 10 yds	12/16/05
11/28/02 5:00	Cumberland	RI	Disk	35 minutes	Disk Shaped Revolving Lights in the Sky	12/23/02
6/25/02 22:00	Westerly	RI	Light	five minutes	traveling at fast speeds as high as the stars on a clear night then gone out of sight	7/26/02
4/10/02 9:00	Coventry	RI	Formation	0:37	It was scary!	4/25/02
3/17/02 20:30	Richmond	RI	Light	1 minute	A light followed me home and then dissapeared!	4/8/02
2/9/02 13:30	Barrington	RI	Fireball	5 sec	My wife and I were on the East Bay Bike Path near Barrrington RI where we had just stopped riding for a moment. I was looking down and	2/22/02
11/11/01 23:40	Cumberland	RI	Triangle	ongoing	On the evening of Nov 11th I was in my backyard with my dog and noticed how beautiful and clear the sky was. When I looked to my left	11/20/01
9/6/01 22:45	Lincoln	RI	Disk	2-3 minutes	The whole bottom was a bright white light and around the perimeter was a single strip of colored blinking lights.	10/12/01
8/15/01 2:30	Bristol	RI	Unknown	1 min	Dark shape with burnt orange glow near Bristol RI	3/11/03
7/30/01 22:00	Jamestown	RI	Light	5 minutes	Object resembling airplane light blinked in random patterns, moved strangely, then very quickly for a sec., turned red and dissappeared	8/5/01
7/29/01 21:00	Interstate 95	RI	Triangle	5 minutes	Still triangle with 3 points of light	8/5/01
7/15/01 4:30	Smithfield	RI	Light	5 minutes	First noticed what appeared to be a very brilliant star in the western sky, reddish colored, like the planet Mars might appear. After	8/5/01
7/4/01 21:10	Narragansett	RI	Rectangle	30 seconds	AT dusk, while watching fireworks displays in the area, we were setting off a few fireworks on a cliff by the ocean shore. We observed	8/5/01
3/20/01 19:30	Portsmouth	RI	Chevron	30 seconds	Chevron shaped object seen in Rhode Island sky on night of Vernal Equinox.	4/1/01
1/28/01 9:30	East Providence	RI	Other	3 to 4 mins	2 VERY BRIGHTLY lit craft were observed flying in clear, sunny skies, and one became stationary; both were at high altitude.	2/18/01
1/17/01 23:22	West Warwick	RI	Circle	4 min.	Large, circular object with a ring of flashing red and white lights zigzag in night sky.	2/18/01
10/8/00 16:00	West Warwick	RI	Formation	15 Min	12 White Circles stationary in different formations for 10 to 15 min.	12/2/00
9/1/00 22:35	South County	RI	Other		Black helicopter sightings over Southern Rhode Island.	12/2/00
8/25/00 21:05	Hopkinton	RI	Light	2min	Unexplained light	9/17/00
7/14/00 2:30	Pasquag	RI	Circle	2:40	it was 40 yards in diameter round had to bright white lights in the front and back to flashing lights on each side that randomly chang	7/23/00
6/25/00 2:25	Cranston	RI	Unknown	few minutes	((HOAX?? STUDENT REPORT)) Cranston ri UFO sighting in sports field at Cranston West High School.	3/23/11
6/22/00 21:30	Providence (On the coastline, SSW of)	RI	Egg	five seconds	An egg shaped object passed in close proximity of my aircraft.	8/19/00
3/31/00 5:05	Charlestown	RI	Disk	10 minutes	Glowing orange shaped like an end view of airplane wing.	4/15/00
3/23/00 19:30	Providence	RI	Rectangle	20 TO 25 SEC	On March 23, 2000 I was looking at the Big Dipper when one of the stars near the Big Dipper blinked then i saw dull orange lights comin	4/1/00
2/28/00 21:30	Charlestown	RI	Light	30 min.	Light over submarine base, Groton, CT.	3/7/00
8/16/99 8:30	Woonsocket	RI			Sighting Happened: Made front page headlines of the Woonsocket Call in Woonsocket Rhode Island. August 26, 1999 edition Article in news	8/30/99
7/6/99 0:00	Cranston	RI	Egg	10 seconds	A silvery egg-shaped craft is seen over a highway.	4/8/02
5/6/99 4:30	Cranston	RI	Egg	3 seconds	It flew over the highway	4/8/02
2/20/99 23:40	Hope Valley	RI	Triangle	10 minutes	Another sighting of the triangular craft with logo.	4/2/99
2/15/99 19:00	Hopkington	RI	Triangle	15 minutes	At 1900 hours on the evening of 02Feb.1999, I spotted a triangular craft moving slowly and silently at about 100 feet. This was in the	4/2/99
11/15/98 21:00	Cranston	RI	Light	5 Seconds	i was in a car with my mother driving down phenix ave. i saw a bright orangish light in the sky i looked up and it was moving slowwly b	12/2/00
10/15/98 18:00	Warwick	RI	Other	5min	Bright flat object moved upwards and disapeared behind cloads.	11/1/98
9/26/98 0:00	Warwick	RI	Circle	3 hrs	Heard on AM 630 WPRO art bell,ufos were spotted.Went out w/ portable radio saw a big bright light an what appeared to be a comet.	11/1/98
9/22/98 16:18	Portsmouth	RI	Egg	2 sec	Amber/gold rising from tree level 45 deg up. Fast and accelerating. Dissaperaed behind tree branch. Very bright.	9/26/98
7/15/98 15:00	Bristol	RI	Egg	4 min.	there was no heat allmost like it was floating but was all medal blow my mind.	8/30/10
6/8/98 21:00	Newport	RI	Light	25 minutes	Clear night+high visability,2 yellow lights,even shading,no vertical movement,close proximatey,very long visual time	2/18/01
4/1/98 13:00	Providence	RI	Circle	4 Minutes	Mostly sunny sky very large stayed about 5 minutes	4/14/09
1/29/98 14:00	Coventry	RI	Disk	4-5 minutes	Shiny metal ship with row of blinking red lights. Classic saucer shape w/ dome.	1/28/99
12/1/97 0:00	Warwick	RI	Circle	1 hour	I was watching Deep Space Nine which airs at 12pm when a unusual bright object caught my eye I quickly got up and looked out my front w	6/2/98
11/21/97 17:00	North Kingstown	RI	Triangle	10sec or less	While driving at dusk my daughter and I noticed an airplaine flying up in the sky w/ it's lights on heading in an easternly dirtection	1/28/99
1/29/97 23:15	East Greenwich	RI	Disk	5 minutes	I witnessed a UFO which may be of the Lazar"Sport Model" variety when I was leaving work to drive home. The UFO was circular in shap	3/7/98
1/23/97 18:30	North Kingstown	RI	Triangle	3 minutes	1/23/97: Huge black triangle w/ rearguard heli, sighted over deserted Rte.1A in RI, drifts overhead & out to Sea.	1/27/05
1/1/97 15:30	Johnston	RI	Rectangle	1 min	Cube haystack shape seen a between 1997-1998 (not sure of exact date)........	8/11/04
6/29/96 22:00	East Providence	RI	Light	45 min	Very bright white obj. changes shape from circle to oval. 1/3 apparent diam of moon at closest approach. Blinking lights at top.	11/2/99
6/29/96 21:00	East Providence	RI	light	1 hour and longer	A large white pulsating light	1/28/99
6/1/96 23:00	North Providence	RI	Sphere	16 seconds	((HOAX?? Obscene)) A life situation loke no other.	4/18/14
6/1/96 21:00	South Kingstown	RI	Disk	10 mins	Very very large disc 50 feet off the ground	12/12/11
10/2/95 10:15	N. Providence	RI		3 min.	Man witnesses "small white dot, that came out of clouds." Was slow-moving, white, w/ "red on tail."	11/2/99
9/30/95 13:30	N. Providence	RI			Man reports seeing cluster of 3 objects "like white balloons" pacing airliner in N sky. Objs. disappear, return. Change color,shape.	11/2/99
9/18/95 18:40	N. Kingston	RI		90 min.	Young man from Univ. of RI calls to report seeing small dot in sky that "does loop-dee-loops, blinks." Had little tail behind it.	11/2/99
6/18/93 20:45	Block Island	RI	Other	1/2 hour	Time loss and multiple objects seen on Island of coast of Rhode Island, USA.	2/18/01
10/29/90 20:45	Burlingame State Park	RI	Other	5-10 seconds	Small airborne, manta-shaped object observed from a closest distance of ~15 feet for around 6 seconds by two reliable observers.	5/2/03
8/20/89 14:00	North Kingstown	RI	Light	2 1/2 hours	Bright light, sunny afternoon sky, Aug. '89. Stationary for 2 hrs. plus, highly visible, eerie.	1/27/05
12/24/87 20:00	Exeter	RI	Rectangle	1 minute	UFO seen Christmas Eve 1987. Made sudden "L" shape turn unlike any known aircraft.	2/4/13
7/1/83 18:00	Warwick	RI	Disk	15 minutes	Large matalic disk shaped object hovoring over field, 30' from street, 20-25 feet off ground.	9/30/13
10/15/82 22:00	Narragansette	RI	Chevron	15 seconds	boomerang shaped object with 5 greenish lights growing in size and then turned and disappeared	3/19/09
10/15/82 19:30	Smithfield	RI	Circle	1 min	lights were flashing and I thought to myself "there are no towers here".	11/3/05
6/6/82 1:00	Warwick	RI	Disk	2 minutes	Two orange/gold saucer shaped craft	12/7/06
6/11/81 18:00	Providence	RI	Diamond	30 min.	A sighting at a distance of 30 feet	10/27/04
5/15/79 1:00	Wordens Pond Road	RI	Disk	15 min	A bright light appeared over the trees while driving home and changed colors soon after that,.	2/22/02
4/12/79 22:00	East Providence	RI	Chevron	60-70 seconds	V shaped (Chevron shaped ) Craft appeared to just clear the top of the Water Tower	4/9/04
1/5/78	Warwick	RI	Sphere	5 mins	Warwick, Rhode Island Jan/Feb 1978 Red Orb	9/17/00
1/19/77 20:30	Coventry	RI	Triangle	2 minutes	Huge wing craft - 1000 feet in width hovered over house, no noise or lights	8/12/08
1/18/77 17:45	Riverside	RI	Oval	10 days	UFO EXPERIENCE (PHENOMENA) TUESDAY JANUARY 18, 1977	2/21/14
1/18/77 17:45	Fall River/North Tiverton	RI	Oval	01/18/1977-01/25/1977	ABOUT 150 FEET IN THE SKY WAS THIS MAGNIFICENT GLOWING WHITE OVAL SHAPED OBJECT BRIGHTER THAN A FLUORESCENT LIGHT, IT HOVERED.	8/7/11
8/15/76 22:30	Weekapaug	RI	Formation	5 seconds	Three globular lights in a tight triangular formation passed east to west at low altitude	8/5/01
7/12/76 18:01	Warwick	RI	Cigar	30 min	I saw a fast moving, brightly lit, huge object, within 25 ft of me for half an hour.	3/19/09
5/1/76 20:00	Coventry	RI	Formation	3min	red orbs 'dancing' around a central orb	6/18/04
10/15/75 17:00	Scituate	RI	Circle	10 minutes	Object with orange lights moves straight up in sky to nothingness.	12/16/05
10/13/75 16:30	Warwick	RI	Disk	20 minutes	Silent enormous disc shaped craft.	6/13/14
7/22/75 21:00	Cranston	RI	Light	20 min	religious connection	3/4/08
1/24/74 22:00	Pawtucket	RI	Disk	1 hour	R.I. sphere shaped object landed on flat top three door garage. 1974 .the beams still show cracks that developed from the weight	3/4/03
1/24/74	Pawtucket	RI	Disk	1 hour	I reported the UFO sighting in Pawtucket R.I.of 1974 that you have on your website.	12/12/09
8/17/71 22:15	Quonsett Pt. NAS	RI	Other	1 minute	"Being" spotted on Naval Air Station 1971	7/16/06
8/15/70 12:00	Newport	RI	Rectangle	several minutes	Craft hovering about a half-mile over my head	12/12/09
6/15/70 19:30	CT/RI border	RI	Circle		Back in 1969 or maybe 70, can't really remember the date, my wife and I were on our way to Rhode Island from Connecticut. We left in th	4/16/05
11/8/68 20:50	Exeter	RI	Triangle	5 minutes	Flying isoclese triangle with three lights.	9/30/16
6/30/67 19:00	Portmouth	RI	Disk	5 mins	Luminous disc shaped tilted object with aura/haze around it	10/30/06
9/28/66 20:00	Coventry	RI	Circle	Approx.20 mins	It was night and we all saw a hugh silver highly shiny circle craft not more than 100 feet away from us it was an incredible thing to	3/2/04
7/2/65 22:30	Narragansett	RI	Egg	15 sec.	Golden egg chased by navy fighters. THe egg got away. 1965 New England	4/27/04
8/1/64 20:00	Charlestown	RI	Light	3 seconds	While camping at the Burlingame State Park, Charlestown, RI, in August of 1964, my friend, Tommy, and I were looking over the pond at t	2/16/99
11/15/58 22:30	Greenville	RI	Disk	ax. 10 min.	Five small disk or spherical-shaped objects merging with a large saucer-shaped object observed by three whitnesses in 1958.	4/16/05
6/1/56 1:00	Quonset Point	RI	Disk	20 minutes	Rows of saucer shaped lights touchng a beam of light from either side and rising straight up together.	4/3/15
7/30/52 15:00	Manville	RI	Sphere	10 seconds	Group of lights moving across sky during daylight hours.	6/12/08
7/1/44 20:00	South Kingstown	RI	Sphere	4 minutes	This event was related to me tonight, 29 December 2008, by a carpenter who is working at my house here in South Kingstown, RI. After d	1/10/09
09/0?/96 22:30	Wakefield	RI	Circle	15 min or so	ball of light in sky. stayed hovering above the house, moved to trees. then vanished about 15 min later.	2/16/99
21:00	Cranston	RI	Circle	1-2 Hours	3 circles that were in a straight line of eachother O O O they were very bright	10/30/06
1980 & NOW	Charlestown	RI	Disk	10 MINUTES MAX.	BOTH TIEMS OCCUR IN SPRING SUMMER MONTHS.	8/24/10